seed,pin_set,granary-raid-phase-concentration,granary-raids-in-depleted-half,refusal
0,default,0.87907691,0.49038462,
1,default,0.91602075,0.36342043,
2,default,0.91753653,0.35013263,
3,default,0.82563758,0.25842697,
4,default,0.83143323,0.61428571,
5,default,0.89004214,0.49609375,
6,default,0.95800801,0.11699164,
7,default,0.78632853,0.68835616,
8,default,1,0.26666667,
9,default,1,0.20588235,
10,default,0.93526084,0.8265896,
11,default,0.88456734,0.9047619,
12,default,0.92649341,0.54310345,
13,default,0.943378,0.63,
14,default,0.95048382,0.45414847,
15,default,0.90049572,0.11497326,
16,default,0.88322122,0.60294118,
17,default,0.9705842,0.45833333,
18,default,0.90726542,0.86809816,
19,default,0.94607941,0.94444444,
20,default,0.99107381,0.57142857,
21,default,0.78906722,0.73529412,
22,default,0.90294997,0.72782258,
23,default,0.88987266,0.85964912,
24,default,0.91741159,0.1974026,
25,default,0.90545572,0.82741117,
26,default,0.81226987,0.70175439,
27,default,0.8421119,0.79,
28,default,0.964491,0.92070485,
29,default,0.95206543,0.66315789,
30,default,0.95485132,0.44,
31,default,0.9034408,0.36915888,
32,default,0.92884079,0.73684211,
33,default,0.88706302,0.67553191,
34,default,0.95997267,0.38823529,
35,default,0.92297284,0.7826087,
36,default,0.92685226,0.59547739,
37,default,0.92555776,0.47124304,
38,default,0.92492798,0.31210191,
39,default,0.97832855,0.6,
40,default,0.73942171,0.52155172,
41,default,0.9024136,0.23492063,
42,default,0.90980913,0.8804878,
43,default,,,
44,default,0.96087351,0.39694656,
45,default,,,
46,default,0.88395702,0.22677165,
47,default,0.88557804,0.69836066,
48,default,0.95446521,0.41573034,
49,default,0.81624765,0.73809524,
50,default,0.96988722,0.094594595,
51,default,0.91968145,0.58441558,
52,default,0.95967756,0.087108014,
53,default,0.92576311,0.24827586,
54,default,0.94443283,0.47826087,
55,default,0.97055372,0.86178862,
56,default,0.88868598,0.88349515,
57,default,0.86420329,0.68804159,
58,default,0.92038529,0.264,
59,default,0.90369445,0.92771084,
60,default,0.95847778,0.064705882,
61,default,0.80655048,0.11551155,
62,default,0.85283262,0.47803163,
63,default,0.94953214,0.54302671,
64,default,0.96264209,0.026258206,
65,default,0.9803804,0.25853659,
66,default,0.93826015,0.50649351,
67,default,0.91032907,0.91566265,
68,default,0.98558127,0.72972973,
69,default,0.93873083,0.50113379,
70,default,0.95321591,0.87943262,
71,default,0.94100129,0.7038835,
72,default,0.89242717,0.42608696,
73,default,0.96902975,0.67889908,
74,default,0.96890171,0.25280899,
75,default,0.93000148,0.71317829,
76,default,0.95231566,0.78632479,
77,default,0.91543955,0.91460674,
78,default,0.87581612,0.51358696,
79,default,0.80978263,0.90972222,
80,default,0.94348198,0.55690073,
81,default,0.94011463,0.41032609,
82,default,0.89602574,0.66666667,
83,default,0.88306438,0.67346939,
84,default,0.86012696,0.32900433,
85,default,0.96222958,0.2037037,
86,default,0.91169922,0.51739788,
87,default,0.93902876,0.062801932,
88,default,0.93566643,0.36184211,
89,default,0.88136764,0.2593985,
90,default,0.94387699,0.39473684,
91,default,0.92922134,0.2,
92,default,0.95403215,0.043478261,
93,default,0.9289682,0.60436137,
94,default,0.91941074,0.78208955,
95,default,0.93862797,0.72289157,
96,default,0.8992195,0.91105121,
97,default,0.96374436,0.16111111,
98,default,0.93472082,0.45299145,
99,default,0.86229751,0.75268817,
100,default,1,0.57142857,
101,default,0.92722335,0.63461538,
102,default,0.92451598,0.77822581,
103,default,0.99416912,0.63636364,
104,default,0.96422105,0.13603473,
105,default,0.94070683,0.95287958,
106,default,0.89579531,0.84101749,
107,default,0.92137829,0.71174377,
108,default,0.93312622,0.12011577,
109,default,0.98238959,0.27777778,
110,default,0.95693797,0.55102041,
111,default,0.9314552,0.60143198,
112,default,0.92684961,0.80645161,
113,default,0.97648453,0.1745283,
114,default,0.87736354,0.93023256,
115,default,0.86212372,0.71179884,
116,default,0.96841619,0.31896552,
117,default,0.91767269,0.80090498,
118,default,0.89800687,0.75609756,
119,default,0.85944467,0.48571429,
120,default,0.85372539,0.54393305,
121,default,0.92543309,0.61325967,
122,default,0.92749464,0.74384236,
123,default,0.95719046,0.5920398,
124,default,0.95694049,0.39784946,
125,default,0.94705954,0.14814815,
126,default,0.88851169,0.87179487,
127,default,0.95460177,0.082840237,
128,default,0.90250583,0.32941176,
129,default,0.95938881,0.53541076,
130,default,0.93556404,0.66141732,
131,default,0.92790985,0.70886076,
132,default,0.89443612,0.54008439,
133,default,0.89681236,0.76578947,
134,default,0.90613959,0.35869565,
135,default,0.86701029,0.15246637,
136,default,0.74315481,0.63905325,
137,default,0.90324281,0.27777778,
138,default,0.92870489,0.7037037,
139,default,0.86286392,0.58883249,
140,default,1,0.27272727,
141,default,0.85603853,0.30275229,
142,default,0.83166211,0.53658537,
143,default,0.96605811,0.17647059,
144,default,0.90541107,0.24043716,
145,default,0.92056678,0.58438287,
146,default,0.90009469,0.33888889,
147,default,0.98756189,0.3515625,
148,default,0.9342951,0.8490566,
149,default,0.94886494,0.82608696,
150,default,0.94399431,0.59825328,
151,default,0.94283481,0.86725664,
152,default,0.91811242,0.51376147,
153,default,0.9317351,0.53125,
154,default,0.90376639,0.9454023,
155,default,0.89504116,0.96083551,
156,default,0.89401929,0.33171913,
157,default,0.89990624,0.40890688,
158,default,0.87925101,0.62801932,
159,default,0.94780567,0.2,
160,default,0.88696663,0.74297189,
161,default,0.94223439,0.76470588,
162,default,0.93931987,0.20593368,
163,default,0.87167492,0.5483871,
164,default,0.96272947,0.0703125,
165,default,0.92781906,0.26229508,
166,default,0.87392312,0.67667436,
167,default,0.94636913,0.36305732,
168,default,0.86082212,0.55288462,
169,default,0.88747483,0.63541667,
170,default,0.91672104,0.42758621,
171,default,0.89998055,0.63157895,
172,default,0.92571435,0.026315789,
173,default,0.96285613,0.19444444,
174,default,0.82792319,0.88461538,
175,default,0.95977973,0.45294118,
176,default,0.81193593,0.33333333,
177,default,0.91516387,0.40264026,
178,default,0.91551039,0.57528958,
179,default,0.9227102,0.40379404,
180,default,0.9526234,0.41328413,
181,default,0.93125108,0.38674033,
182,default,0.84820895,0.5631068,
183,default,0.90721476,0.90169492,
184,default,0.83298429,0.60666667,
185,default,0.96201949,0.52647059,
186,default,0.8589553,0.86069652,
187,default,0.80910453,0.61445783,
188,default,0.98951162,0.44680851,
189,default,0.85006617,0.81818182,
190,default,0.91499065,0.58823529,
191,default,0.95867178,0.038235294,
192,default,0.91778646,0.52608696,
193,default,0.86289546,0.6350365,
194,default,0.94123794,0.029090909,
195,default,0.93514515,0.91176471,
196,default,0.94376201,0.53826531,
197,default,0.99484124,0.72,
198,default,0.88265642,0.54201681,
199,default,0.94876604,0.65151515,
200,default,0.936136,0.74774775,
201,default,0.93319209,0.77205882,
202,default,0.86304635,0.93096234,
203,default,0.88211173,0.82198953,
204,default,0.93287341,0.33962264,
205,default,0.93420067,0.33793103,
206,default,0.910676,0.97087379,
207,default,0.87496551,0.19607843,
208,default,0.98971126,0.16666667,
209,default,0.91172803,0.81008902,
210,default,0.93666367,0.14824121,
211,default,0.9180537,0.88934426,
212,default,1,0.46428571,
213,default,0.90688312,0.23045267,
214,default,0.91479801,0.078947368,
215,default,0.93195335,0.38133874,
216,default,0.90947659,0.77714286,
217,default,0.92400513,0.1978022,
218,default,0.95561256,0.30107527,
219,default,0.96089235,0.18589744,
220,default,0.89204914,0.71100917,
221,default,0.94970752,0.18518519,
222,default,0.92412429,0.69444444,
223,default,0.97942594,0.8697479,
224,default,0.9096129,0.26870748,
225,default,0.94607702,0.18356164,
226,default,0.88624732,0.37362637,
227,default,0.87798639,0.72727273,
228,default,0.93665411,0.10344828,
229,default,0.9496078,0.01758794,
230,default,0.90730072,0.44134078,
231,default,0.94666845,0.56048387,
232,default,0.91799629,0.75151515,
233,default,0.90324902,0.21111111,
234,default,0.903632,0.24014337,
235,default,0.89631289,0.65979381,
236,default,0.90196105,0.27731092,
237,default,0.92442623,0.36923077,
238,default,0.93779896,0.6187291,
239,default,0.9306862,0.29268293,
240,default,0.94232827,0.42827869,
241,default,0.95216136,0.43081761,
242,default,0.88902902,0.70149254,
243,default,1,0.22222222,
244,default,0.87029473,0.74637681,
245,default,0.90412967,0.92105263,
246,default,0.88083173,0.94764398,
247,default,0.94487629,0.083061889,
248,default,0.92184451,0.37,
249,default,0.97069734,0.60447761,
250,default,0.987867,0.36666667,
251,default,0.89551557,0.68627451,
252,default,0.94401338,0.28076923,
253,default,0.93689198,0.53020134,
254,default,0.85683119,0.74782609,
255,default,0.87746573,0.8,
256,default,0.95286504,0.1744186,
257,default,0.92147923,0.44565217,
258,default,0.97514208,0.69896194,
259,default,0.90280297,0.33732535,
260,default,0.82576778,0.46363636,
261,default,0.93677565,0.46236559,
262,default,0.92975833,0.4300885,
263,default,0.91031066,0.75837743,
264,default,0.89988298,0.74861878,
265,default,0.95046923,0.058201058,
266,default,0.83430681,0.70881226,
267,default,0.93656322,0.5516129,
268,default,0.96137766,0.75766871,
269,default,0.95222589,0.32075472,
270,default,0.94455038,0.53144016,
271,default,0.9255742,0.92,
272,default,0.89717225,0.64545455,
273,default,1,0.71428571,
274,default,0.90796535,0.67582418,
275,default,0.94104549,0.071428571,
276,default,0.94440998,0.32136106,
277,default,0.79288433,0.62827225,
278,default,0.89484407,0.73846154,
279,default,0.83713137,0.42519685,
280,default,0.96994468,0.31990521,
281,default,0.95573905,0.60869565,
282,default,0.90743553,0.52280702,
283,default,0.93705958,0.051020408,
284,default,0.88405147,0.71314741,
285,default,,,
286,default,0.94069745,0.35917313,
287,default,0.73330834,0.70432692,
288,default,0.91313035,0.59388646,
289,default,0.96082558,0.60220994,
290,default,0.92995323,0.061320755,
291,default,0.90984614,0.72747253,
292,default,0.90519613,0.43290043,
293,default,0.95086584,0.10454545,
294,default,0.98182773,0.37288136,
295,default,0.94273296,0.296875,
296,default,0.88621569,0.54276316,
297,default,0.90919204,0.30769231,
298,default,0.89040941,0.93791946,
299,default,0.93249236,0.39130435,
300,default,0.95449333,0.77142857,
301,default,0.86557383,0.35211268,
302,default,0.9070703,0.26108374,
303,default,0.93518796,0.85652174,
304,default,0.99441177,0.39130435,
305,default,0.95729971,0.70103093,
306,default,0.92292651,0.83225806,
307,default,0.9347418,0.39690722,
308,default,0.9188756,0.15615616,
309,default,0.92992224,0.5830721,
310,default,0.92147866,0.40196078,
311,default,0.93774831,0.55555556,
312,default,0.95120257,0.79534884,
313,default,0.92849946,0.41176471,
314,default,0.86867836,0.65953947,
315,default,0.89447378,0.74444444,
316,default,0.90586383,0.35014837,
317,default,0.90523593,0.32510288,
318,default,0.88107891,0.78846154,
319,default,0.91046335,0.4,
320,default,0.92431856,0.1417004,
321,default,0.87774011,0.47857143,
322,default,0.88206021,0.48928571,
323,default,0.8970615,0.48245614,
324,default,0.95778445,0.62903226,
325,default,0.95632566,0.42490119,
326,default,0.82321584,0.67605634,
327,default,0.96875111,0.73856209,
328,default,0.89912576,0.087378641,
329,default,0.93300392,0.70351759,
330,default,0.92054296,0.68472906,
331,default,0.98058076,0.079365079,
332,default,0.8829415,0.31578947,
333,default,0.92952905,0.52232143,
334,default,0.95142034,0.15192744,
335,default,,,
336,default,0.93900339,0.20083682,
337,default,0.90628702,0.82485876,
338,default,0.93625228,0.58928571,
339,default,0.94823125,0.44444444,
340,default,0.92290076,0.2084507,
341,default,0.88293995,0.7808,
342,default,1,0.25,
343,default,0.74040358,0.63414634,
344,default,0.94714402,0.62171053,
345,default,0.91583281,0.58461538,
346,default,0.88887589,0.80877743,
347,default,0.92253894,0.13609467,
348,default,1,0.77777778,
349,default,0.85700425,0.63486842,
350,default,0.88039131,0.31306991,
351,default,0.92410036,0.60536398,
352,default,0.95688962,0.42857143,
353,default,0.8470785,0.96,
354,default,0.95683617,0.68587361,
355,default,0.96297654,0.86031746,
356,default,0.66042484,0.39393939,
357,default,0.94012669,0.31627907,
358,default,0.91773146,0.24731183,
359,default,0.96059297,0.12177986,
360,default,0.90312435,0.60869565,
361,default,0.9088499,0.39857651,
362,default,0.95669394,0.04028436,
363,default,0.86727502,0.73658537,
364,default,0.92817084,0.43076923,
365,default,0.9353038,0.16744186,
366,default,0.98786831,0,
367,default,0.92348923,0.67699115,
368,default,0.9305345,0.13333333,
369,default,0.86861559,0.77232143,
370,default,0.8697424,0.56091371,
371,default,0.91087786,0.40645161,
372,default,0.84786599,0.6319797,
373,default,0.87936431,0.80664653,
374,default,0.93193929,0.47333333,
375,default,0.84312691,0.65925926,
376,default,0.97734246,0.35051546,
377,default,0.96187968,0.40285714,
378,default,0.93711328,0.6,
379,default,0.92915415,0.36682809,
380,default,0.86297829,0.21621622,
381,default,0.8997919,0.50200803,
382,default,0.93808879,0.06741573,
383,default,0.95712784,0.87096774,
384,default,0.96307181,0.4496124,
385,default,0.96802399,0.94186047,
386,default,0.94992242,0.96039604,
387,default,0.87828321,0.46560847,
388,default,0.91628612,0.2320442,
389,default,0.84185678,0.9010989,
390,default,0.95520441,0.17460317,
391,default,0.97787657,0.70491803,
392,default,0.99441177,0.30434783,
393,default,0.97162124,0.53921569,
394,default,0.83599644,0.44736842,
395,default,0.94047277,0.68656716,
396,default,0.84684122,0.8,
397,default,0.74438906,0.51260504,
398,default,0.9535608,0.4875,
399,default,0.95054175,0.45675676,
400,default,0.92875986,0.34730539,
401,default,0.92801366,0.70813397,
402,default,0.90992225,0.7734139,
403,default,0.82357152,0.85443038,
404,default,0.88617775,0.4566474,
405,default,0.95951444,0.29813665,
406,default,0.97924038,0.675,
407,default,0.93328235,0.72727273,
408,default,0.94234307,0.8372093,
409,default,0.94127608,0.90455531,
410,default,0.8763865,0.5177305,
411,default,0.86638676,0.77087794,
412,default,0.78851799,0.54716981,
413,default,0.88684504,0.91584158,
414,default,0.92772572,0.39714286,
415,default,0.94758406,0.55369928,
416,default,0.85452783,0.8707483,
417,default,,,
418,default,0.92403918,0.21461187,
419,default,0.9720535,0.24725275,
420,default,0.86766342,0.23170732,
421,default,0.89236109,0.40428571,
422,default,0.90319965,0.63694268,
423,default,0.9399154,0.96666667,
424,default,0.94651147,0.9,
425,default,1,0.6,
426,default,0.91363898,0.1242236,
427,default,0.9097624,0.8280543,
428,default,0.93182711,0.45263158,
429,default,0.88756419,0.8952381,
430,default,0.94329575,0.33646322,
431,default,0.93845089,0.34722222,
432,default,0.90757353,0.39042821,
433,default,0.88907425,0.79525223,
434,default,0.84709554,0.70224719,
435,default,0.9844024,0.11666667,
436,default,0.8097913,0.45535714,
437,default,0.9289797,0.28192771,
438,default,0.76835567,0.42857143,
439,default,0.84196607,0.75784753,
440,default,0.89086305,0.52136752,
441,default,0.96117946,0.55747126,
442,default,0.93829188,0.55924171,
443,default,0.92717402,0.2033543,
444,default,0.91634887,0.64646465,
445,default,0.91868006,0.36,
446,default,0.80725881,0.46619217,
447,default,0.95047434,0.14583333,
448,default,0.90053573,0.11875,
449,default,0.90372425,0.27076923,
450,default,0.94453402,0.074766355,
451,default,0.9727735,0.83653846,
452,default,0.89370639,0.74675325,
453,default,0.87838736,0.14634146,
454,default,0.85771667,0.55111111,
455,default,,,
456,default,0.93701307,0.29078014,
457,default,0.94895118,0.62258065,
458,default,0.92864946,0.19095477,
459,default,1,0.33333333,
460,default,0.90368835,0.85643564,
461,default,0.92511197,0.6635514,
462,default,0.86289804,0.31914894,
463,default,,,
464,default,0.93906167,0.59207459,
465,default,0.95963939,0.5483871,
466,default,0.91508428,0.34634146,
467,default,0.92669878,0.81219512,
468,default,0.91534891,0.23690205,
469,default,0.88790403,0.48387097,
470,default,0.88542448,0.9047619,
471,default,0.86794884,0.60933661,
472,default,0.91981505,0.73654391,
473,default,0.99656067,0.76315789,
474,default,0.95069948,0.65500795,
475,default,0.93400916,0.26976744,
476,default,0.91507327,0.051724138,
477,default,0.89410223,0.57785467,
478,default,0.97986397,0.090909091,
479,default,0.97432668,0.98507463,
480,default,0.85878834,0.8556391,
481,default,0.84688018,0.20930233,
482,default,0.87706253,0.74936061,
483,default,0.79845668,0.79518072,
484,default,0.84985858,0.34459459,
485,default,0.962689,0.43589744,
486,default,0.91852196,0.35746606,
487,default,0.85253129,0.75294118,
488,default,0.95210966,0.75,
489,default,0.80403188,0.70588235,
490,default,0.94463365,0.04589372,
491,default,0.93125752,0.175,
492,default,0.95496503,0.10377358,
493,default,0.87283678,0.93137255,
494,default,0.9766703,0.64596273,
495,default,0.97083759,0.33707865,
496,default,0.81279927,0.29545455,
497,default,0.92733347,0.61056106,
498,default,0.94965779,0.92467532,
499,default,0.93780539,0.27532468,
500,default,0.90405694,0.46666667,
501,default,0.95167228,0.23783784,
502,default,0.94802901,0.17559524,
503,default,0.96958434,0.80434783,
504,default,0.86555872,0.42283951,
505,default,0.93719131,0.32450331,
506,default,0.89031868,0.20698925,
507,default,0.89718826,0.67149758,
508,default,0.98277764,0.40816327,
509,default,0.89384051,0.8791423,
510,default,0.82435067,0.90410959,
511,default,0.90380319,0.56043956,
512,default,0.96438717,0.031578947,
513,default,0.91702176,0.30693069,
514,default,0.93389332,0.32676056,
515,default,0.94937863,0.13247863,
516,default,0.98122458,0.49206349,
517,default,0.93102552,0.74722222,
518,default,0.95742333,0.43984962,
519,default,0.90987668,0.63815789,
520,default,0.94094685,0.5862069,
521,default,0.95452973,0.077689243,
522,default,0.94015118,0.063520871,
523,default,0.9415402,0.31891892,
524,default,0.94510177,0.45614035,
525,default,0.89679278,0.27777778,
526,default,0.90933025,0.1212938,
527,default,0.92224485,0.25268817,
528,default,0.92190445,0.84375,
529,default,0.92175067,0.29090909,
530,default,0.91361098,0.60732984,
531,default,0.8681249,0.6372315,
532,default,0.87936929,0.75182482,
533,default,1,1,
534,default,0.94938755,0.56756757,
535,default,0.91293345,0.4254386,
536,default,0.95968898,0.1980198,
537,default,0.93403179,0.40243902,
538,default,0.91896821,0.63229572,
539,default,0.85302294,0.8328841,
540,default,0.97660861,0.43442623,
541,default,0.91506386,0.30730051,
542,default,0.82467816,0.90939597,
543,default,0.9078999,0.57746479,
544,default,0.93876761,0.14814815,
545,default,0.92840607,0.35449735,
546,default,0.97698386,0.08,
547,default,0.92234812,0.96254072,
548,default,0.91267782,0.75,
549,default,0.98141424,0.36334405,
550,default,0.88016991,0.7253886,
551,default,0.96536581,0.32830189,
552,default,0.92178391,0.92708333,
553,default,0.8263971,0.4875,
554,default,1,0.14285714,
555,default,0.80283007,0.74166667,
556,default,0.84846417,0.61777778,
557,default,0.97342335,0.40186916,
558,default,0.94110665,0.54935622,
559,default,0.98121295,0.55555556,
560,default,0.91759861,0.33971292,
561,default,0.962617,0.070110701,
562,default,0.90645861,0.45833333,
563,default,0.8367734,0.64705882,
564,default,0.8971556,0.67483296,
565,default,0.7815348,1,
566,default,0.94648278,0.27701375,
567,default,0.90826056,0.43288591,
568,default,,,
569,default,0.95908315,0.3510467,
570,default,0.84217497,0.6031746,
571,default,0.96936136,0.88461538,
572,default,0.98078295,0.91428571,
573,default,0.97563707,0.36363636,
574,default,0.92124571,0.2875817,
575,default,0.87166804,0.15625,
576,default,0.81914232,0.64285714,
577,default,0.87804954,0.71090047,
578,default,0.97732585,0.25454545,
579,default,0.93548803,0.47301587,
580,default,0.89082805,0.45794393,
581,default,0.93876292,0.49404762,
582,default,0.87201758,0.27169811,
583,default,0.91134102,0.40940367,
584,default,0.86656328,0.62285714,
585,default,0.93022288,0.17355372,
586,default,0.94505805,0.70503597,
587,default,0.96682721,0.1880597,
588,default,0.93196955,0.90684932,
589,default,0.92948206,0.77777778,
590,default,0.92915335,0.725,
591,default,0.90036031,0.44761905,
592,default,0.97539786,0.28571429,
593,default,0.9214124,0.24528302,
594,default,0.84792087,0.47727273,
595,default,0.96968714,0.3862069,
596,default,0.963047,0.11210762,
597,default,0.95030553,0.12554113,
598,default,0.9221746,0.45031712,
599,default,0.97637044,0.5257732,
600,default,0.91327397,0.12777778,
601,default,0.86774644,0.67156863,
602,default,0.91928619,0.87557604,
603,default,0.88755946,0.63565891,
604,default,0.93704845,0.14285714,
605,default,0.92563254,0.59259259,
606,default,0.88434676,0.91220557,
607,default,0.96686498,0.32065217,
608,default,0.93807219,0.68490566,
609,default,0.8699321,0.51898734,
610,default,0.8865829,0.93,
611,default,1,0.083333333,
612,default,0.8899063,0.5787037,
613,default,0.89560497,0.87096774,
614,default,0.87914197,0.56,
615,default,0.76635933,0.78735632,
616,default,0.94211306,0.14880952,
617,default,0.83823591,0.92307692,
618,default,0.92851399,0.66492147,
619,default,,,
620,default,0.94963357,0.2196162,
621,default,0.94025074,0.4822335,
622,default,0.93060126,0.06,
623,default,0.92040154,0.32352941,
624,default,0.96862872,0.032178218,
625,default,0.87213855,0.5331565,
626,default,0.80622284,0.6,
627,default,0.93273839,0.51245552,
628,default,0.86318508,0.77,
629,default,0.79019918,0.64155251,
630,default,0.94481663,0.69090909,
631,default,0.84282877,0.56666667,
632,default,1,0.14285714,
633,default,0.94778214,0.15846995,
634,default,0.8579188,0.59655172,
635,default,0.87646171,0.57264957,
636,default,0.95318767,0.39759036,
637,default,0.84236544,0.76315789,
638,default,0.96166754,0.25822785,
639,default,0.88921093,0.71686747,
640,default,0.92395241,0.56723716,
641,default,0.90903686,0.6875,
642,default,0.91885073,0.31464174,
643,default,0.78311351,0.81666667,
644,default,0.94102007,0.32020997,
645,default,0.88006212,0.1754386,
646,default,0.94861994,0.82608696,
647,default,0.86569419,0.7625,
648,default,0.94138147,0.4233871,
649,default,0.92667094,0.44444444,
650,default,0.82220841,0.84083045,
651,default,0.89150608,0.062146893,
652,default,,,
653,default,0.92890822,0.72727273,
654,default,0.88018063,0.76262626,
655,default,0.90693989,0.07826087,
656,default,0.81126604,0.74615385,
657,default,0.89019521,0.71186441,
658,default,0.96426091,0.0816,
659,default,0.84790463,0.932,
660,default,0.93295785,0.47058824,
661,default,,,
662,default,0.9263254,0.596,
663,default,0.90111004,0.46959459,
664,default,0.93368877,0.49275362,
665,default,0.88486675,0.4747191,
666,default,0.90451154,0.79268293,
667,default,0.88330343,0.44036697,
668,default,0.98930417,0.43478261,
669,default,0.87020026,0.52,
670,default,0.91820719,0.75,
671,default,0.8771761,0.85340909,
672,default,0.8953268,0.46640316,
673,default,0.85444592,0.88,
674,default,0.9436462,0.22510823,
675,default,0.92493496,0.27234043,
676,default,0.95968297,0.85714286,
677,default,0.9472252,0.30208333,
678,default,0.9083626,0.27906977,
679,default,0.93163276,0.36627907,
680,default,0.99605477,0.87878788,
681,default,0.99043979,0.076923077,
682,default,0.95701867,0.10169492,
683,default,0.94920251,0.28200972,
684,default,0.96439166,0.28080229,
685,default,0.94894886,0.014492754,
686,default,0.94951745,0.12820513,
687,default,0.89498317,0.14697406,
688,default,0.89167673,0.65873016,
689,default,0.99162741,0.93333333,
690,default,0.94231473,0.78787879,
691,default,0.94193839,0.38983051,
692,default,,,
693,default,0.94883154,0.42105263,
694,default,0.88697258,0.80368098,
695,default,0.9239119,0.68292683,
696,default,,,
697,default,0.90692302,0.12571429,
698,default,0.87936025,0.42941176,
699,default,0.95329154,0.1171875,
700,default,0.832193,0.43478261,
701,default,0.94914841,0.27118644,
702,default,0.77052792,0.50769231,
703,default,0.88335672,0.70955882,
704,default,0.96829542,0.3431085,
705,default,0.96065741,0.296875,
706,default,0.88989813,0.34192037,
707,default,0.99708423,0.022222222,
708,default,0.92957598,0.20454545,
709,default,0.93201429,0.43032787,
710,default,0.98263236,0.60714286,
711,default,0.72547855,0.84309133,
712,default,0.93618565,0.51546392,
713,default,0.8635757,0.71449925,
714,default,0.79062551,0.79622642,
715,default,,,
716,default,0.89797285,0.47926267,
717,default,0.82278275,0.62318841,
718,default,0.89564426,0.69076305,
719,default,0.99329628,0.10526316,
720,default,0.91676176,0.70491803,
721,default,0.86184425,0.70992366,
722,default,0.95713806,0.081081081,
723,default,0.88967978,0.55451128,
724,default,0.86989274,0.75261324,
725,default,0.90665372,0.538,
726,default,0.91687,0.47849462,
727,default,0.89374894,0.71982759,
728,default,0.9143541,0.5984252,
729,default,0.91269453,0.038461538,
730,default,0.88147453,0.93736264,
731,default,0.90268417,0.87412587,
732,default,0.90899015,0.312,
733,default,0.93935337,0.22018349,
734,default,0.94934907,0.39036545,
735,default,0.90398075,0.85801217,
736,default,0.98228931,0.70921986,
737,default,0.93962534,0.40963855,
738,default,0.94200861,0.21714286,
739,default,0.86204264,0.58737864,
740,default,,,
741,default,0.98523518,0.25,
742,default,0.85033636,0.58682635,
743,default,0.87897797,0.56293706,
744,default,0.97279912,0.17821782,
745,default,0.93849417,0.49382716,
746,default,0.86718817,0.45,
747,default,0.97866489,0.12903226,
748,default,0.91574764,0.52173913,
749,default,0.99255381,0.58823529,
750,default,0.87821758,0.84005764,
751,default,0.98786674,0.7,
752,default,0.9291034,0.37470167,
753,default,0.90443595,0.78709677,
754,default,0.8972253,0.9106383,
755,default,0.93069188,0.58052434,
756,default,0.74820252,0.88738739,
757,default,0.9743735,0.68181818,
758,default,0.96222699,0.55284553,
759,default,0.85694124,0.78208556,
760,default,0.84815841,0.36073059,
761,default,0.95521827,0.74774775,
762,default,0.91051514,0.70522388,
763,default,0.90744832,0.35294118,
764,default,0.94589952,0.81609195,
765,default,0.94176868,0.2486631,
766,default,0.8209197,0.39004149,
767,default,0.88625749,0.71954023,
768,default,0.9067055,0.7025,
769,default,0.92465239,0.55489614,
770,default,0.85415982,0.44807692,
771,default,0.92523425,0.23802817,
772,default,0.9088468,0.86026201,
773,default,0.91021935,0.57864078,
774,default,0.89248965,0.92207792,
775,default,0.98886466,0.31818182,
776,default,0.90951591,0.74050633,
777,default,0.93269441,0.3081761,
778,default,0.67126405,0.85820896,
779,default,0.98790611,0.50393701,
780,default,0.91203233,0.87439614,
781,default,0.92701094,0.14553991,
782,default,0.936699,0.31910112,
783,default,0.90198601,0.58536585,
784,default,0.88525114,0.34228188,
785,default,0.79404899,0.86666667,
786,default,0.68374639,0.83333333,
787,default,0.98077571,0.51184834,
788,default,0.9022545,0.53246753,
789,default,0.9395482,0.53161593,
790,default,0.8949157,0.38053097,
791,default,0.92171996,0.2503864,
792,default,0.64887194,0.8125,
793,default,0.9934594,0.41025641,
794,default,0.72927826,0.61306533,
795,default,0.89694544,0.54074074,
796,default,0.968792,0.39053254,
797,default,0.86175259,0.80861244,
798,default,0.97862259,0.46976744,
799,default,0.94760882,0.67226891,
800,default,0.98971126,0.5,
801,default,1,0.94117647,
802,default,0.95559719,0.66666667,
803,default,0.89650739,0.36220472,
804,default,0.92459188,0.095424837,
805,default,0.90213337,0.15243902,
806,default,0.93820199,0.4453125,
807,default,0.91071856,0.33333333,
808,default,0.93641731,0.31550802,
809,default,0.86224223,0.60483871,
810,default,0.87549882,0.30882353,
811,default,0.96205532,0.23104693,
812,default,0.96733473,0.44444444,
813,default,0.93645498,0.16931217,
814,default,0.93832228,0.61290323,
815,default,0.87432287,0.89719626,
816,default,0.91595278,0.7442623,
817,default,1,0.625,
818,default,0.88343591,0.74285714,
819,default,1,0.75,
820,default,0.88328081,0.69333333,
821,default,0.8908117,0.45934066,
822,default,0.95083469,0.32608696,
823,default,0.84344442,0.62616822,
824,default,0.93148976,0.61244019,
825,default,0.96695984,0.65238095,
826,default,0.92095608,0.37949836,
827,default,0.93918474,0.42105263,
828,default,0.7858349,0.82987552,
829,default,0.80750486,0.66412214,
830,default,0.93411223,0.43478261,
831,default,0.88811694,0.6557377,
832,default,0.95974228,0.10821643,
833,default,0.91923515,0.5,
834,default,0.95242535,0.13189448,
835,default,0.85651291,0.74193548,
836,default,0.88290465,0.18115942,
837,default,0.91909108,0.50403226,
838,default,0.90554307,0.22434368,
839,default,0.91639135,0.67241379,
840,default,0.92565033,0.89805825,
841,default,0.93242637,0.75862069,
842,default,0.90184995,0.93333333,
843,default,0.93424322,0.18019481,
844,default,0.89699087,0.074074074,
845,default,0.85968785,0.5,
846,default,0.82131189,0.68067227,
847,default,0.97099529,0.29032258,
848,default,0.89334568,0.364,
849,default,0.97482211,0.5,
850,default,0.94009664,0.053061224,
851,default,0.97314059,0.60106383,
852,default,0.88590143,0.92328767,
853,default,0.94629841,0.083969466,
854,default,0.8508975,0.76086957,
855,default,0.92606108,0.65320665,
856,default,0.88259432,0.18604651,
857,default,0.92579495,0.90056818,
858,default,0.89646407,0.50379747,
859,default,0.93694649,0.54385965,
860,default,0.93342902,0.19298246,
861,default,0.97947416,0.26315789,
862,default,0.93527803,0.43434343,
863,default,0.80110087,0.61424332,
864,default,0.96802351,0.070866142,
865,default,0.94617913,0.24637681,
866,default,0.94298751,0.33695652,
867,default,0.99135887,0.20689655,
868,default,0.89273447,0.60930233,
869,default,0.96868973,0.37,
870,default,0.96419532,0.057142857,
871,default,0.99520952,0.62962963,
872,default,0.90554279,0.8,
873,default,0.90982577,0.13354037,
874,default,0.88156407,0.425,
875,default,0.92418806,0.14027149,
876,default,0.96671529,0.13930348,
877,default,0.90330658,0.71428571,
878,default,0.94743554,0.28278689,
879,default,0.91440165,0.57322176,
880,default,0.92000289,0.28133705,
881,default,0.85675938,0.92896175,
882,default,0.85109921,0.51612903,
883,default,0.9668491,0.20909091,
884,default,0.91777239,0.45901639,
885,default,0.87774333,0.77009646,
886,default,0.7885899,0.45652174,
887,default,0.73094848,0.73786408,
888,default,0.97945235,0.48192771,
889,default,0.94674862,0.72222222,
890,default,0.91759015,0.97752809,
891,default,0.98676611,0.43243243,
892,default,0.8107516,0.31983806,
893,default,0.96733944,0.13956466,
894,default,0.8137902,0.89387755,
895,default,0.79324437,0.65925926,
896,default,0.9351419,0.55026455,
897,default,0.92173843,0.25384615,
898,default,0.92910228,0.70833333,
899,default,0.94703719,0.22047244,
900,default,0.94895422,0.15957447,
901,default,0.85511786,0.67942584,
902,default,0.98908844,0.33333333,
903,default,0.95031671,0.58088235,
904,default,0.93661934,0.76041667,
905,default,0.91723139,0.65697674,
906,default,0.96944679,0.32432432,
907,default,0.88538107,0.45736434,
908,default,0.96033768,0.24085366,
909,default,0.91453088,0.15957447,
910,default,0.99135887,0.32758621,
911,default,0.86893611,0.30935252,
912,default,0.96646298,0.11843575,
913,default,0.80182957,0.56153846,
914,default,0.84850431,0.46551724,
915,default,0.86612641,0.85365854,
916,default,0.92089538,0.46868687,
917,default,0.92958907,0.42982456,
918,default,0.96014845,0.23790323,
919,default,0.85135608,0.78571429,
920,default,0.88646878,0.4950495,
921,default,0.92425986,0.29020979,
922,default,1,0.7,
923,default,0.95290286,0.029411765,
924,default,0.8931033,0.38,
925,default,0.91457952,0.77483444,
926,default,0.9291171,0.74545455,
927,default,0.97951972,0.048672566,
928,default,0.96482547,0.11255411,
929,default,0.85766822,0.33098592,
930,default,0.85520151,0.78985507,
931,default,0.91226969,0.25806452,
932,default,0.56387674,0.65168539,
933,default,0.95383754,0.4765625,
934,default,0.8543331,0.90273556,
935,default,0.92435196,0.13114754,
936,default,0.96428041,0.70786517,
937,default,0.88044616,0.80952381,
938,default,0.92892484,0.37777778,
939,default,0.89006876,0.5,
940,default,0.9235968,0.74183007,
941,default,0.94656416,0.71571072,
942,default,0.89711981,0.39473684,
943,default,0.85608688,0.26582278,
944,default,0.9439313,0.053921569,
945,default,0.9356686,0.39552239,
946,default,0.96653453,0.13729977,
947,default,0.85066072,0.31666667,
948,default,0.95018468,0.20348837,
949,default,0.92383923,0.91814947,
950,default,0.81526022,0.54104478,
951,default,0.96295062,0.86072423,
952,default,,,
953,default,0.8445184,0.8587156,
954,default,0.91441965,0.41987179,
955,default,0.94552041,0.4075067,
956,default,0.96651846,0.58208955,
957,default,1,0.375,
958,default,0.95518675,0.67123288,
959,default,0.90014314,0.48559671,
960,default,0.96880876,0.41011236,
961,default,0.68921416,0.69668246,
962,default,0.84213758,0.63636364,
963,default,0.94487789,0.15813953,
964,default,0.91972941,0.68382353,
965,default,0.89806424,0.18181818,
966,default,0.95740658,0.89351852,
967,default,0.94931409,0.52631579,
968,default,0.92997946,0.2761194,
969,default,0.87771385,0.37096774,
970,default,0.9314183,0.83221477,
971,default,0.77606083,0.47328244,
972,default,0.93685532,0.40963855,
973,default,0.91763307,0.57465278,
974,default,0.93616907,0.55479452,
975,default,0.95159835,0.4469697,
976,default,0.88695304,0.51105651,
977,default,0.91307901,0.45564516,
978,default,0.89577828,0.63135593,
979,default,0.96560848,0.51818182,
980,default,0.87452507,0.78571429,
981,default,0.93458754,0.75409836,
982,default,0.8957249,0.43181818,
983,default,1,0.16666667,
984,default,0.86152979,0.5,
985,default,0.90816458,0.95759717,
986,default,0.86930193,0.8466899,
987,default,0.97636954,0.15384615,
988,default,0.93489129,0.43661972,
989,default,0.89887279,0.70857143,
990,default,0.86393422,0.43529412,
991,default,0.92199682,0.45853659,
992,default,0.90080207,0.53982301,
993,default,0.87121035,0.85416667,
994,default,0.90715876,0.23049645,
995,default,0.9210847,0.36363636,
996,default,0.92875424,0.36993243,
997,default,0.94541634,0.70090634,
998,default,0.82158086,0.82568807,
999,default,0.90580941,0.75974026,
